{
    "CTRL_C_tongue_press": {
        "location": [
            0.0,
            0.0,
            0.0
        ],
        "rotation": [
            -0.0,
            0.0,
            0.0
        ],
        "scale": [
            1.0,
            1.0,
            1.0
        ]
    },
    "CTRL_C_tongue_roll": {
        "location": [
            0.0,
            -0.029999999329447746,
            0.0
        ],
        "rotation": [
            -0.0,
            0.0,
            0.0
        ],
        "scale": [
            1.0,
            1.0,
            1.0
        ]
    },
    "CTRL_C_tongue_tip": {
        "location": [
            0.0,
            0.0,
            0.0
        ],
        "rotation": [
            -0.0,
            0.0,
            0.0
        ],
        "scale": [
            1.0,
            1.0,
            1.0
        ]
    },
    "CTRL_C_tongue": {
        "location": [
            0.0,
            0.30000001192092896,
            0.0
        ],
        "rotation": [
            -0.0,
            0.0,
            0.0
        ],
        "scale": [
            1.0,
            1.0,
            1.0
        ]
    },
    "CTRL_C_tongue_narrowWide": {
        "location": [
            0.0,
            0.0,
            0.0
        ],
        "rotation": [
            0.0,
            -0.0,
            -1.7584192713058965e-15
        ],
        "scale": [
            1.0,
            1.0,
            1.0
        ]
    },
    "CTRL_C_tongue_inOut": {
        "location": [
            0.0,
            -0.23999999463558197,
            0.0
        ],
        "rotation": [
            -0.0,
            0.0,
            0.0
        ],
        "scale": [
            1.0,
            1.0,
            1.0
        ]
    }
}