{
    "CTRL_C_tongue_press": {
        "location": [
            0.0,
            0.8450000286102295,
            0.0
        ],
        "rotation": [
            -0.0,
            0.0,
            0.0
        ],
        "scale": [
            1.0,
            1.0,
            1.0
        ]
    },
    "CTRL_C_tongue_roll": {
        "location": [
            0.0,
            0.0,
            0.0
        ],
        "rotation": [
            -0.0,
            0.0,
            0.0
        ],
        "scale": [
            1.0,
            1.0,
            1.0
        ]
    },
    "CTRL_C_tongue_tip": {
        "location": [
            0.0,
            0.0,
            0.0
        ],
        "rotation": [
            -0.0,
            0.0,
            0.0
        ],
        "scale": [
            1.0,
            1.0,
            1.0
        ]
    },
    "CTRL_C_tongue": {
        "location": [
            0.0,
            0.5609999895095825,
            0.0
        ],
        "rotation": [
            -0.0,
            0.0,
            0.0
        ],
        "scale": [
            1.0,
            1.0,
            1.0
        ]
    },
    "CTRL_C_tongue_narrowWide": {
        "location": [
            0.0,
            0.0,
            0.0
        ],
        "rotation": [
            0.0,
            -0.0,
            -1.7584192713058965e-15
        ],
        "scale": [
            1.0,
            1.0,
            1.0
        ]
    },
    "CTRL_C_tongue_inOut": {
        "location": [
            0.0,
            0.5329999923706055,
            0.0
        ],
        "rotation": [
            -0.0,
            0.0,
            0.0
        ],
        "scale": [
            1.0,
            1.0,
            1.0
        ]
    }
}