{
    "eye_lid_l": {
        "FACIAL_L_EyelidUpperFurrow1": [
            0.02292150817811489,
            -0.09292978048324585,
            1.4974421262741089
        ],
        "FACIAL_L_EyelidUpperFurrow2": [
            0.03202925622463226,
            -0.09283585846424103,
            1.5004663467407227
        ],
        "FACIAL_L_EyelidUpperFurrow3": [
            0.04172985628247261,
            -0.08875764161348343,
            1.4977513551712036
        ],
        "FACIAL_L_EyelidUpperB1": [
            0.024387210607528687,
            -0.0941314622759819,
            1.496423602104187
        ],
        "FACIAL_L_EyelidUpperB2": [
            0.03220442309975624,
            -0.09455011785030365,
            1.498508095741272
        ],
        "FACIAL_L_EyelidUpperB3": [
            0.04053208604454994,
            -0.09131863713264465,
            1.4965980052947998
        ],
        "FACIAL_L_EyelidLowerA1": [
            0.02502518706023693,
            -0.09316390007734299,
            1.4856767654418945
        ],
        "FACIAL_L_EyelidLowerA2": [
            0.0325479730963707,
            -0.09345968812704086,
            1.4846343994140625
        ],
        "FACIAL_L_EyelidLowerA3": [
            0.039761729538440704,
            -0.09024441242218018,
            1.4859461784362793
        ],
        "FACIAL_L_EyelidLowerB1": [
            0.025373976677656174,
            -0.09355100989341736,
            1.4828029870986938
        ],
        "FACIAL_L_EyelidLowerB2": [
            0.032965321093797684,
            -0.09311290830373764,
            1.4817365407943726
        ],
        "FACIAL_L_EyelidLowerB3": [
            0.04054766148328781,
            -0.08964432030916214,
            1.482567548751831
        ],
        "FACIAL_L_EyeCornerInner1": [
            0.019028350710868835,
            -0.09145653247833252,
            1.4899557828903198
        ],
        "FACIAL_L_EyeCornerInner2": [
            0.020087964832782745,
            -0.09156764298677444,
            1.486373782157898
        ],
        "FACIAL_L_EyeCornerOuter2": [
            0.043891869485378265,
            -0.08535154163837433,
            1.488576054573059
        ],
        "FACIAL_L_12IPV_EyeCornerO1": [
            0.04691276326775551,
            -0.08255168795585632,
            1.4894258975982666
        ]
    },
    "eye_lid_r": {
        "FACIAL_R_EyelidUpperFurrow1": [
            -0.022809937596321106,
            -0.0928204134106636,
            1.4972978830337524
        ],
        "FACIAL_R_EyelidUpperFurrow2": [
            -0.03187442570924759,
            -0.0929512158036232,
            1.5003445148468018
        ],
        "FACIAL_R_EyelidUpperFurrow3": [
            -0.04166967421770096,
            -0.08891497552394867,
            1.4977457523345947
        ],
        "FACIAL_R_EyelidUpperB1": [
            -0.024181552231311798,
            -0.09392088651657104,
            1.4963401556015015
        ],
        "FACIAL_R_EyelidUpperB2": [
            -0.03196842968463898,
            -0.09454908967018127,
            1.498490333557129
        ],
        "FACIAL_R_EyelidUpperB3": [
            -0.04040265828371048,
            -0.09138625115156174,
            1.4966551065444946
        ],
        "FACIAL_R_EyelidLowerA1": [
            -0.025056783109903336,
            -0.09291834384202957,
            1.4859048128128052
        ],
        "FACIAL_R_EyelidLowerA2": [
            -0.032455697655677795,
            -0.09320365637540817,
            1.484847068786621
        ],
        "FACIAL_R_EyelidLowerA3": [
            -0.03973593935370445,
            -0.09003670513629913,
            1.4861537218093872
        ],
        "FACIAL_R_EyelidLowerB1": [
            -0.025452882051467896,
            -0.09328610450029373,
            1.482966661453247
        ],
        "FACIAL_R_EyelidLowerB2": [
            -0.03296607360243797,
            -0.09285403788089752,
            1.481896162033081
        ],
        "FACIAL_R_EyelidLowerB3": [
            -0.040570735931396484,
            -0.08945183455944061,
            1.4827762842178345
        ],
        "FACIAL_R_EyeCornerInner1": [
            -0.019031772390007973,
            -0.0912255272269249,
            1.490041732788086
        ],
        "FACIAL_R_EyeCornerInner2": [
            -0.020132148638367653,
            -0.09142229706048965,
            1.4865156412124634
        ],
        "FACIAL_R_EyeCornerOuter2": [
            -0.04396660998463631,
            -0.08518283069133759,
            1.4888243675231934
        ],
        "FACIAL_R_12IPV_EyeCornerO1": [
            -0.04691041260957718,
            -0.08241640031337738,
            1.4897181987762451
        ]
    },
    "eye_ball_l": {
        "FACIAL_L_EyelidUpperB": [
            0.030449265614151955,
            -0.08057085424661636,
            1.4913567304611206
        ],
        "FACIAL_L_EyelidUpperA": [
            0.03044925071299076,
            -0.08057087659835815,
            1.4913568496704102
        ],
        "FACIAL_L_Eye": [
            0.03044925071299076,
            -0.08057087659835815,
            1.4913568496704102
        ],
        "FACIAL_L_EyeParallel": [
            0.03044925071299076,
            -0.08057087659835815,
            1.4913568496704102
        ],
        "FACIAL_L_EyelidLowerA": [
            0.03050645999610424,
            -0.08066429197788239,
            1.4912763833999634
        ],
        "FACIAL_L_EyelidLowerB": [
            0.030354026705026627,
            -0.08061548322439194,
            1.4913816452026367
        ]
    },
    "eye_ball_r": {
        "FACIAL_R_EyelidUpperB": [
            -0.030445938929915428,
            -0.08035320788621902,
            1.491614580154419
        ],
        "FACIAL_R_EyelidUpperA": [
            -0.030445938929915428,
            -0.08035320788621902,
            1.491614580154419
        ],
        "FACIAL_R_Eye": [
            -0.030445938929915428,
            -0.08035320788621902,
            1.491614580154419
        ],
        "FACIAL_R_EyeParallel": [
            -0.030445938929915428,
            -0.08035320043563843,
            1.491614580154419
        ],
        "FACIAL_R_EyelidLowerA": [
            -0.030445938929915428,
            -0.08035320788621902,
            1.491614580154419
        ],
        "FACIAL_R_EyelidLowerB": [
            -0.030344989150762558,
            -0.08039458096027374,
            1.4916263818740845
        ]
    }
}