{
    "lips_outer": {
        "FACIAL_R_12IPV_LipUpper17": [
            -0.01895156502723694,
            -0.10448836535215378,
            1.425639033317566
        ],
        "FACIAL_R_12IPV_LipUpper9": [
            -0.015875646844506264,
            -0.10784224420785904,
            1.4274699687957764
        ],
        "FACIAL_R_12IPV_LipCorner1": [
            -0.02280145138502121,
            -0.09655366092920303,
            1.422595739364624
        ],
        "FACIAL_R_12IPV_LipUpper18": [
            -0.021234076470136642,
            -0.10005836188793182,
            1.423794150352478
        ],
        "FACIAL_R_12IPV_LipUpper2": [
            -0.004122673533856869,
            -0.11361882090568542,
            1.4303830862045288
        ],
        "FACIAL_R_12IPV_LipUpper20": [
            -0.018004536628723145,
            -0.09871182590723038,
            1.4228754043579102
        ],
        "FACIAL_R_LipUpperOuter2": [
            -0.016831103712320328,
            -0.10202065110206604,
            1.4232648611068726
        ],
        "FACIAL_R_12IPV_LipUpper7": [
            -0.009128528647124767,
            -0.11204025894403458,
            1.4303189516067505
        ],
        "FACIAL_R_12IPV_LipUpper19": [
            -0.015719564631581306,
            -0.10224282741546631,
            1.4232045412063599
        ],
        "FACIAL_R_12IPV_LipUpper11": [
            -0.013063517399132252,
            -0.1050117239356041,
            1.4236385822296143
        ],
        "FACIAL_R_LipUpper2": [
            -0.010452487505972385,
            -0.10683155804872513,
            1.4239743947982788
        ],
        "FACIAL_R_12IPV_LipUpper10": [
            -0.007538156118243933,
            -0.10830661654472351,
            1.4240562915802002
        ],
        "FACIAL_R_12IPV_LipUpper3": [
            -0.0033335676416754723,
            -0.10945548117160797,
            1.4240161180496216
        ],
        "FACIAL_C_LipUpper2": [
            -0.00018821025150828063,
            -0.10978975892066956,
            1.4238417148590088
        ],
        "FACIAL_L_12IPV_LipUpper17": [
            0.018628595396876335,
            -0.10438577085733414,
            1.4256967306137085
        ],
        "FACIAL_L_12IPV_LipUpper9": [
            0.015616783872246742,
            -0.1076931580901146,
            1.4274762868881226
        ],
        "FACIAL_L_12IPV_LipCorner1": [
            0.022512486204504967,
            -0.09641316533088684,
            1.4228378534317017
        ],
        "FACIAL_L_12IPV_LipUpper18": [
            0.020921794697642326,
            -0.09994295239448547,
            1.4239705801010132
        ],
        "FACIAL_L_12IPV_LipUpper2": [
            0.0038457470946013927,
            -0.11359179764986038,
            1.4303560256958008
        ],
        "FACIAL_L_12IPV_LipUpper20": [
            0.017776284366846085,
            -0.09856031090021133,
            1.4230735301971436
        ],
        "FACIAL_L_LipUpperOuter2": [
            0.016567448154091835,
            -0.10190360248088837,
            1.423403263092041
        ],
        "FACIAL_L_12IPV_LipUpper7": [
            0.008917901664972305,
            -0.11201098561286926,
            1.430273175239563
        ],
        "FACIAL_L_12IPV_LipUpper19": [
            0.015480896458029747,
            -0.10212283581495285,
            1.4233018159866333
        ],
        "FACIAL_L_12IPV_LipUpper11": [
            0.012849417515099049,
            -0.10491667687892914,
            1.4235432147979736
        ],
        "FACIAL_L_LipUpper2": [
            0.010221445001661777,
            -0.10680859535932541,
            1.423813819885254
        ],
        "FACIAL_L_12IPV_LipUpper10": [
            0.007281568832695484,
            -0.10832858085632324,
            1.4239671230316162
        ],
        "FACIAL_L_12IPV_LipUpper3": [
            0.0030187421943992376,
            -0.10948673635721207,
            1.4239317178726196
        ],
        "FACIAL_R_12IPV_LipLower7": [
            -0.01066556479781866,
            -0.11034451425075531,
            1.4160423278808594
        ],
        "FACIAL_R_12IPV_LipLower9": [
            -0.015722526237368584,
            -0.10652673989534378,
            1.4176356792449951
        ],
        "FACIAL_R_12IPV_LipLower2": [
            -0.004794274922460318,
            -0.11204341799020767,
            1.4152460098266602
        ],
        "FACIAL_R_12IPV_LipLower18": [
            -0.021058568730950356,
            -0.09931014478206635,
            1.4210433959960938
        ],
        "FACIAL_R_12IPV_LipLower17": [
            -0.018377631902694702,
            -0.10354863852262497,
            1.4189783334732056
        ],
        "FACIAL_R_12IPV_LipLower20": [
            -0.01826483942568302,
            -0.0988132432103157,
            1.4230971336364746
        ],
        "FACIAL_R_LipLowerOuter2": [
            -0.016668926924467087,
            -0.1013612225651741,
            1.4230660200119019
        ],
        "FACIAL_R_12IPV_LipLower19": [
            -0.015656916424632072,
            -0.10265126079320908,
            1.4230750799179077
        ],
        "FACIAL_R_12IPV_LipLower11": [
            -0.012557792477309704,
            -0.10444055497646332,
            1.423539638519287
        ],
        "FACIAL_R_LipLower2": [
            -0.010033336468040943,
            -0.10613344609737396,
            1.4235389232635498
        ],
        "FACIAL_R_12IPV_LipLower10": [
            -0.008045555092394352,
            -0.10708697140216827,
            1.4234696626663208
        ],
        "FACIAL_R_12IPV_LipLower3": [
            -0.0035662190057337284,
            -0.10820984095335007,
            1.4235975742340088
        ],
        "FACIAL_C_LipLower2": [
            -0.0001553350011818111,
            -0.10832151770591736,
            1.4230165481567383
        ],
        "FACIAL_L_12IPV_LipLower7": [
            0.01017848215997219,
            -0.11013445258140564,
            1.416049599647522
        ],
        "FACIAL_L_12IPV_LipLower9": [
            0.01527087576687336,
            -0.1064295843243599,
            1.417677879333496
        ],
        "FACIAL_L_12IPV_LipLower2": [
            0.004404396750032902,
            -0.1119161918759346,
            1.4152635335922241
        ],
        "FACIAL_L_12IPV_LipLower18": [
            0.020769139751791954,
            -0.09926103055477142,
            1.4211255311965942
        ],
        "FACIAL_L_12IPV_LipLower17": [
            0.017930245026946068,
            -0.10344263166189194,
            1.4190055131912231
        ],
        "FACIAL_L_12IPV_LipLower20": [
            0.018013810738921165,
            -0.09876201301813126,
            1.4232747554779053
        ],
        "FACIAL_L_LipLowerOuter2": [
            0.01641901582479477,
            -0.10136958211660385,
            1.4232454299926758
        ],
        "FACIAL_L_12IPV_LipLower19": [
            0.015398274175822735,
            -0.10269898176193237,
            1.4232333898544312
        ],
        "FACIAL_L_12IPV_LipLower11": [
            0.012236851267516613,
            -0.10456228256225586,
            1.4235440492630005
        ],
        "FACIAL_L_LipLower2": [
            0.00968542043119669,
            -0.10625454038381577,
            1.4234962463378906
        ],
        "FACIAL_L_12IPV_LipLower10": [
            0.007688382174819708,
            -0.10718041658401489,
            1.4234048128128052
        ],
        "FACIAL_L_12IPV_LipLower3": [
            0.0032328669913113117,
            -0.10827598720788956,
            1.4235631227493286
        ]
    },
    "lips_inner": {
        "FACIAL_R_12IPV_LipUpper5": [
            -0.003252084366977215,
            -0.10364558547735214,
            1.4343284368515015
        ],